{
  "initialization_time_planning": 0.17079877853393555,
  "execution_time_planning": 49.75462532043457,
  "total_time": 49.925424098968506
}