{
  "initialization_time_planning": 0.1701970100402832,
  "execution_time_planning": 43.468096017837524,
  "total_time": 43.63829302787781
}