{
  "initialization_time_control": 0.14857149124145508,
  "execution_time_control": 82.15063190460205,
  "total_time": 82.2992033958435
}