{
  "initialization_time_control": 0.14968442916870117,
  "execution_time_control": 164.08612895011902,
  "total_time": 164.23581337928772
}