{
  "initialization_time_control": 0.10530924797058105,
  "execution_time_control": 265.69435024261475,
  "total_time": 265.7996594905853
}