{
  "initialization_time_control": 0.14835333824157715,
  "execution_time_control": 160.55924892425537,
  "total_time": 160.70760226249695
}