{
  "initialization_time_control": 0.14978289604187012,
  "execution_time_control": 126.08140349388123,
  "total_time": 126.2311863899231
}