{
  "initialization_time_control": 0.14940333366394043,
  "execution_time_control": 129.23100924491882,
  "total_time": 129.38041257858276
}