{
  "initialization_time_control": 0.14822864532470703,
  "execution_time_control": 151.7976038455963,
  "total_time": 151.94583249092102
}