{
  "initialization_time_control": 0.15014910697937012,
  "execution_time_control": 147.65630745887756,
  "total_time": 147.80645656585693
}