{
  "initialization_time_control": 0.15267205238342285,
  "execution_time_control": 100.72529816627502,
  "total_time": 100.87797021865845
}