{
  "initialization_time_control": 0.15071702003479004,
  "execution_time_control": 71.9559805393219,
  "total_time": 72.10669755935669
}