{
  "initialization_time_control": 0.15011000633239746,
  "execution_time_control": 120.4633162021637,
  "total_time": 120.6134262084961
}