{
  "initialization_time_control": 0.1490027904510498,
  "execution_time_control": 192.1773076057434,
  "total_time": 192.32631039619446
}