{
  "initialization_time_control": 0.1485130786895752,
  "execution_time_control": 210.15458941459656,
  "total_time": 210.30310249328613
}