{
  "initialization_time_control": 0.14885830879211426,
  "execution_time_control": 215.15680575370789,
  "total_time": 215.3056640625
}