{
  "initialization_time_control": 0.14881587028503418,
  "execution_time_control": 116.10540461540222,
  "total_time": 116.25422048568726
}