{
  "initialization_time_control": 0.14912724494934082,
  "execution_time_control": 128.1642508506775,
  "total_time": 128.31337809562683
}