{
  "initialization_time_control": 0.14844560623168945,
  "execution_time_control": 154.98568558692932,
  "total_time": 155.134131193161
}