{
  "initialization_time_control": 0.14926552772521973,
  "execution_time_control": 211.51281428337097,
  "total_time": 211.6620798110962
}