{
  "initialization_time_control": 0.149644136428833,
  "execution_time_control": 100.59526538848877,
  "total_time": 100.7449095249176
}