{
  "initialization_time_control": 0.15041637420654297,
  "execution_time_control": 118.80011439323425,
  "total_time": 118.9505307674408
}