{
  "initialization_time_control": 0.14835309982299805,
  "execution_time_control": 62.081984758377075,
  "total_time": 62.23033785820007
}