{
  "initialization_time_control": 0.15177226066589355,
  "execution_time_control": 132.26800322532654,
  "total_time": 132.41977548599243
}