{
  "initialization_time_planning": 0.20879435539245605,
  "execution_time_planning": 38.3303759098053,
  "total_time": 38.539170265197754
}