{
  "initialization_time_planning": 0.16732215881347656,
  "execution_time_planning": 37.60242414474487,
  "total_time": 37.76974630355835
}