{
  "initialization_time_control": 0.14996647834777832,
  "execution_time_control": 95.60752987861633,
  "total_time": 95.75749635696411
}