{
  "initialization_time_control": 0.10513782501220703,
  "execution_time_control": 162.79580521583557,
  "total_time": 162.90094304084778
}