{
  "initialization_time_control": 0.14818930625915527,
  "execution_time_control": 23.269622087478638,
  "total_time": 23.417811393737793
}