{
  "initialization_time_control": 0.15026640892028809,
  "execution_time_control": 121.93382167816162,
  "total_time": 122.08408808708191
}