{
  "initialization_time_control": 0.14849042892456055,
  "execution_time_control": 176.25323247909546,
  "total_time": 176.40172290802002
}