{
  "initialization_time_planning": 0.17923736572265625,
  "execution_time_planning": 33.263142108917236,
  "total_time": 33.44237947463989
}