{
  "initialization_time_control": 0.14817500114440918,
  "execution_time_control": 165.44121098518372,
  "total_time": 165.58938598632812
}