{
  "initialization_time_control": 0.14869117736816406,
  "execution_time_control": 83.51645994186401,
  "total_time": 83.66515111923218
}