{
  "initialization_time_control": 0.14878082275390625,
  "execution_time_control": 193.56911659240723,
  "total_time": 193.71789741516113
}