{
  "initialization_time_control": 0.14967966079711914,
  "execution_time_control": 113.49951815605164,
  "total_time": 113.64919781684875
}