{
  "initialization_time_control": 0.14839696884155273,
  "execution_time_control": 115.53645777702332,
  "total_time": 115.68485474586487
}