{
  "initialization_time_control": 0.14859366416931152,
  "execution_time_control": 128.35233664512634,
  "total_time": 128.50093030929565
}