{
  "initialization_time_control": 0.14900922775268555,
  "execution_time_control": 68.95483946800232,
  "total_time": 69.103848695755
}