{
  "initialization_time_planning": 0.17668890953063965,
  "execution_time_planning": 41.43462920188904,
  "total_time": 41.61131811141968
}