{
  "initialization_time_control": 0.14902496337890625,
  "execution_time_control": 257.40956234931946,
  "total_time": 257.55858731269836
}