{
  "initialization_time_control": 0.15122437477111816,
  "execution_time_control": 145.44662618637085,
  "total_time": 145.59785056114197
}