{
  "initialization_time_control": 0.14913320541381836,
  "execution_time_control": 119.79896998405457,
  "total_time": 119.94810318946838
}