{
  "initialization_time_control": 0.14836907386779785,
  "execution_time_control": 324.9359014034271,
  "total_time": 325.0842704772949
}