{
  "initialization_time_control": 0.1483626365661621,
  "execution_time_control": 120.92853927612305,
  "total_time": 121.07690191268921
}