{
  "initialization_time_control": 0.14878201484680176,
  "execution_time_control": 145.00928163528442,
  "total_time": 145.15806365013123
}