{
  "initialization_time_planning": 0.17261362075805664,
  "execution_time_planning": 40.81786227226257,
  "total_time": 40.99047589302063
}